{"graph": {"_type": "graph-file", "sha256": "eea0e03f3c9ffe23cc5aceb0adac6bb3367502f3a084077117d56fa862e9f265", "size": 4005, "path": "media/graph/graph_summary_eea0e03f3c9ffe23cc5a.graph.json"}, "epoch": 9, "_timestamp": 1667906622.095484, "loss": 0.28734689950942993, "accuracy": 0.8766666650772095, "val_loss": 0.5575347542762756, "val_accuracy": 0.74842768907547, "_runtime": 49.45477795600891, "_step": 9, "best_val_loss": 0.5575347542762756, "best_epoch": 9, "_wandb": {"runtime": 51}}