{"graph": {"_type": "graph-file", "sha256": "a5a6b546efc1e576c5863065fb97039961eb5f28be16acacec2df6671dc6e381", "size": 3286, "path": "media/graph/graph_summary_a5a6b546efc1e576c586.graph.json"}, "epoch": 164, "_timestamp": 1668049049.92879, "loss": 0.005497521720826626, "accuracy": 0.9986666440963745, "val_loss": 0.20496423542499542, "val_accuracy": 0.955974817276001, "_runtime": 523.6263151168823, "_step": 164, "best_val_loss": 0.1495167762041092, "best_epoch": 134}