{"graph": {"_type": "graph-file", "sha256": "a5a6b546efc1e576c5863065fb97039961eb5f28be16acacec2df6671dc6e381", "size": 3286, "path": "media/graph/graph_summary_a5a6b546efc1e576c586.graph.json"}, "epoch": 199, "_timestamp": 1668049149.8735416, "loss": 0.0017202275339514017, "accuracy": 1.0, "val_loss": 0.18181173503398895, "val_accuracy": 0.9496855139732361, "_runtime": 623.5710666179657, "_step": 199, "best_val_loss": 0.1495167762041092, "best_epoch": 134, "_wandb": {"runtime": 623}}