{"graph": {"_type": "graph-file", "sha256": "eea0e03f3c9ffe23cc5aceb0adac6bb3367502f3a084077117d56fa862e9f265", "size": 4005, "path": "media/graph/graph_summary_eea0e03f3c9ffe23cc5a.graph.json"}, "epoch": 199, "_timestamp": 1668047015.2290254, "loss": 0.0017957593081519008, "accuracy": 1.0, "val_loss": 0.2146386206150055, "val_accuracy": 0.9496855139732361, "_runtime": 598.0538272857666, "_step": 199, "best_val_loss": 0.16699321568012238, "best_epoch": 61, "_wandb": {"runtime": 597}}