{"scalar": 7, "_timestamp": 1667904408.256217, "_runtime": 4.106023073196411, "_step": 0, "_wandb": {"runtime": 40}}