{"graph": {"_type": "graph-file", "sha256": "eea0e03f3c9ffe23cc5aceb0adac6bb3367502f3a084077117d56fa862e9f265", "size": 4005, "path": "media/graph/graph_summary_eea0e03f3c9ffe23cc5a.graph.json"}, "epoch": 1, "_timestamp": 1667906770.0289705, "loss": 0.7674424052238464, "accuracy": 0.6079999804496765, "val_loss": 0.8353545665740967, "val_accuracy": 0.6729559898376465, "_runtime": 16.83698558807373, "_step": 1, "best_val_loss": 0.8353545665740967, "best_epoch": 1, "_wandb": {"runtime": 19}}