{"graph": {"_type": "graph-file", "sha256": "eea0e03f3c9ffe23cc5aceb0adac6bb3367502f3a084077117d56fa862e9f265", "size": 4005, "path": "media/graph/graph_summary_eea0e03f3c9ffe23cc5a.graph.json"}, "epoch": 2, "_timestamp": 1667907525.7774029, "loss": 0.6670861840248108, "accuracy": 0.659333348274231, "val_loss": 1.0639551877975464, "val_accuracy": 0.6037735939025879, "_runtime": 26.442304849624634, "_step": 2, "best_val_loss": 1.0639551877975464, "best_epoch": 2, "_wandb": {"runtime": 33}}