{"scalar": 7, "_timestamp": 1667904667.8381982, "_runtime": 46.967427253723145, "_step": 10, "graph": {"_type": "graph-file", "sha256": "eea0e03f3c9ffe23cc5aceb0adac6bb3367502f3a084077117d56fa862e9f265", "size": 4005, "path": "media/graph/graph_summary_eea0e03f3c9ffe23cc5a.graph.json"}, "epoch": 9, "loss": 0.29245391488075256, "accuracy": 0.8813333511352539, "val_loss": 0.41043442487716675, "val_accuracy": 0.7987421154975891, "best_val_loss": 0.41043442487716675, "best_epoch": 9, "_wandb": {"runtime": 48}}