{"graph": {"_type": "graph-file", "sha256": "eea0e03f3c9ffe23cc5aceb0adac6bb3367502f3a084077117d56fa862e9f265", "size": 4005, "path": "media/graph/graph_summary_eea0e03f3c9ffe23cc5a.graph.json"}, "epoch": 199, "_timestamp": 1667908136.1415367, "loss": 0.004031252581626177, "accuracy": 0.9986666440963745, "val_loss": 0.13233943283557892, "val_accuracy": 0.955974817276001, "_runtime": 588.1674797534943, "_step": 199, "best_val_loss": 0.08469768613576889, "best_epoch": 110, "_wandb": {"runtime": 588}}