{"graph": {"_type": "graph-file", "sha256": "eea0e03f3c9ffe23cc5aceb0adac6bb3367502f3a084077117d56fa862e9f265", "size": 4005, "path": "media/graph/graph_summary_eea0e03f3c9ffe23cc5a.graph.json"}, "epoch": 106, "_timestamp": 1667907876.2603512, "loss": 0.0427553653717041, "accuracy": 0.984000027179718, "val_loss": 0.2524482011795044, "val_accuracy": 0.9245283007621765, "_runtime": 328.28629422187805, "_step": 106, "best_val_loss": 0.13377007842063904, "best_epoch": 93}