{"graph": {"_type": "graph-file", "sha256": "eea0e03f3c9ffe23cc5aceb0adac6bb3367502f3a084077117d56fa862e9f265", "size": 4005, "path": "media/graph/graph_summary_eea0e03f3c9ffe23cc5a.graph.json"}, "epoch": 9, "_timestamp": 1667906257.2928193, "loss": 0.27100250124931335, "accuracy": 0.8886666893959045, "val_loss": 0.5522945523262024, "val_accuracy": 0.7798742055892944, "_runtime": 45.33878231048584, "_step": 9, "best_val_loss": 0.5522945523262024, "best_epoch": 9, "_wandb": {"runtime": 47}}