{"graph": {"_type": "graph-file", "sha256": "eea0e03f3c9ffe23cc5aceb0adac6bb3367502f3a084077117d56fa862e9f265", "size": 4005, "path": "media/graph/graph_summary_eea0e03f3c9ffe23cc5a.graph.json"}, "epoch": 199, "_timestamp": 1668047756.172771, "loss": 0.008098547346889973, "accuracy": 0.9973333477973938, "val_loss": 0.18721191585063934, "val_accuracy": 0.9748427867889404, "_runtime": 603.3017950057983, "_step": 199, "best_val_loss": 0.17421546578407288, "best_epoch": 179, "_wandb": {"runtime": 602}}