{"graph": {"_type": "graph-file", "sha256": "eea0e03f3c9ffe23cc5aceb0adac6bb3367502f3a084077117d56fa862e9f265", "size": 4005, "path": "media/graph/graph_summary_eea0e03f3c9ffe23cc5a.graph.json"}, "epoch": 1, "_timestamp": 1667906978.3589787, "loss": 0.7828028798103333, "accuracy": 0.5733333230018616, "val_loss": 0.8570636510848999, "val_accuracy": 0.6163522005081177, "_runtime": 19.228590726852417, "_step": 1, "best_val_loss": 0.8570636510848999, "best_epoch": 1, "_wandb": {"runtime": 21}}