{"graph": {"_type": "graph-file", "sha256": "eea0e03f3c9ffe23cc5aceb0adac6bb3367502f3a084077117d56fa862e9f265", "size": 4005, "path": "media/graph/graph_summary_eea0e03f3c9ffe23cc5a.graph.json"}, "epoch": 1, "_timestamp": 1668045998.8846905, "loss": 0.7603200078010559, "accuracy": 0.6259999871253967, "val_loss": 0.7979820966720581, "val_accuracy": 0.6289308071136475, "_runtime": 28.897728443145752, "_step": 1, "best_val_loss": 0.7979820966720581, "best_epoch": 1, "_wandb": {"runtime": 30}}