{"graph": {"_type": "graph-file", "sha256": "eea0e03f3c9ffe23cc5aceb0adac6bb3367502f3a084077117d56fa862e9f265", "size": 4005, "path": "media/graph/graph_summary_eea0e03f3c9ffe23cc5a.graph.json"}, "epoch": 9, "_timestamp": 1667906373.541018, "loss": 0.2538996636867523, "accuracy": 0.8933333158493042, "val_loss": 0.3629986345767975, "val_accuracy": 0.8427672982215881, "_runtime": 50.061156034469604, "_step": 9, "best_val_loss": 0.3629986345767975, "best_epoch": 9, "_wandb": {"runtime": 52}}