{"graph": {"_type": "graph-file", "sha256": "eea0e03f3c9ffe23cc5aceb0adac6bb3367502f3a084077117d56fa862e9f265", "size": 4005, "path": "media/graph/graph_summary_eea0e03f3c9ffe23cc5a.graph.json"}, "epoch": 1, "_timestamp": 1667906892.2482045, "loss": 0.7791649699211121, "accuracy": 0.5946666598320007, "val_loss": 1.0155260562896729, "val_accuracy": 0.597484290599823, "_runtime": 18.179396390914917, "_step": 1, "best_val_loss": 1.0155260562896729, "best_epoch": 1, "_wandb": {"runtime": 21}}