{"graph": {"_type": "graph-file", "sha256": "eea0e03f3c9ffe23cc5aceb0adac6bb3367502f3a084077117d56fa862e9f265", "size": 4005, "path": "media/graph/graph_summary_eea0e03f3c9ffe23cc5a.graph.json"}, "epoch": 9, "_timestamp": 1667906468.1171606, "loss": 0.34103766083717346, "accuracy": 0.8453333377838135, "val_loss": 1.088020920753479, "val_accuracy": 0.5345911979675293, "_runtime": 50.61766862869263, "_step": 9, "best_val_loss": 0.6730603575706482, "best_epoch": 3, "_wandb": {"runtime": 49}}