{"graph": {"_type": "graph-file", "sha256": "eea0e03f3c9ffe23cc5aceb0adac6bb3367502f3a084077117d56fa862e9f265", "size": 4005, "path": "media/graph/graph_summary_eea0e03f3c9ffe23cc5a.graph.json"}, "epoch": 0, "_timestamp": 1667908358.2181592, "loss": 1.140225887298584, "accuracy": 0.5493333339691162, "val_loss": 2.330435037612915, "val_accuracy": 0.5408805012702942, "_runtime": 28.96494722366333, "_step": 0, "best_val_loss": 2.330435037612915, "best_epoch": 0}