{"scalar": 7, "_timestamp": 1667903177.1347418, "_runtime": 4.5827476978302, "_step": 0, "_wandb": {"runtime": 41}}