{"graph": {"_type": "graph-file", "sha256": "a5a6b546efc1e576c5863065fb97039961eb5f28be16acacec2df6671dc6e381", "size": 3286, "path": "media/graph/graph_summary_a5a6b546efc1e576c586.graph.json"}, "epoch": 199, "_timestamp": 1668048479.7938366, "loss": 0.007210978306829929, "accuracy": 0.9980000257492065, "val_loss": 0.0672602728009224, "val_accuracy": 0.9811320900917053, "_runtime": 593.5079836845398, "_step": 199, "best_val_loss": 0.050211966037750244, "best_epoch": 98, "_wandb": {"runtime": 593}}