{"graph": {"_type": "graph-file", "sha256": "eea0e03f3c9ffe23cc5aceb0adac6bb3367502f3a084077117d56fa862e9f265", "size": 4005, "path": "media/graph/graph_summary_eea0e03f3c9ffe23cc5a.graph.json"}, "epoch": 0, "_timestamp": 1667908507.1946743, "loss": 1.0778766870498657, "accuracy": 0.5600000023841858, "val_loss": 1.4893205165863037, "val_accuracy": 0.6100628972053528, "_runtime": 11.720664262771606, "_step": 0, "best_val_loss": 1.4893205165863037, "best_epoch": 0}