{"graph": {"_type": "graph-file", "sha256": "eea0e03f3c9ffe23cc5aceb0adac6bb3367502f3a084077117d56fa862e9f265", "size": 4005, "path": "media/graph/graph_summary_eea0e03f3c9ffe23cc5a.graph.json"}, "epoch": 9, "_timestamp": 1667905834.6246817, "loss": 0.34213560819625854, "accuracy": 0.8446666598320007, "val_loss": 0.6009117960929871, "val_accuracy": 0.6603773832321167, "_runtime": 57.28883481025696, "_step": 9, "best_val_loss": 0.5506259202957153, "best_epoch": 5, "_wandb": {"runtime": 57}}