{"graph": {"_type": "graph-file", "sha256": "eea0e03f3c9ffe23cc5aceb0adac6bb3367502f3a084077117d56fa862e9f265", "size": 4005, "path": "media/graph/graph_summary_eea0e03f3c9ffe23cc5a.graph.json"}, "epoch": 9, "_timestamp": 1667905471.1594415, "loss": 0.31077900528907776, "accuracy": 0.8573333621025085, "val_loss": 0.659671425819397, "val_accuracy": 0.6855345964431763, "_runtime": 50.81115245819092, "_step": 9, "best_val_loss": 0.5211676955223083, "best_epoch": 5, "_wandb": {"runtime": 50}}