{"graph": {"_type": "graph-file", "sha256": "eea0e03f3c9ffe23cc5aceb0adac6bb3367502f3a084077117d56fa862e9f265", "size": 4005, "path": "media/graph/graph_summary_eea0e03f3c9ffe23cc5a.graph.json"}, "epoch": 1, "_timestamp": 1667906693.146523, "loss": 0.739808201789856, "accuracy": 0.624666690826416, "val_loss": 1.0291801691055298, "val_accuracy": 0.6289308071136475, "_runtime": 17.29276704788208, "_step": 1, "best_val_loss": 1.0291801691055298, "best_epoch": 1, "_wandb": {"runtime": 20}}