{"beka": 7, "_timestamp": 1667902769.1340168, "_runtime": 6.183469772338867, "_step": 0, "_wandb": {"runtime": 43}}