{"graph": {"_type": "graph-file", "sha256": "eea0e03f3c9ffe23cc5aceb0adac6bb3367502f3a084077117d56fa862e9f265", "size": 4005, "path": "media/graph/graph_summary_eea0e03f3c9ffe23cc5a.graph.json"}, "epoch": 1, "_timestamp": 1667907105.902979, "loss": 0.8016732335090637, "accuracy": 0.5886666774749756, "val_loss": 0.7279707789421082, "val_accuracy": 0.6603773832321167, "_runtime": 18.526468992233276, "_step": 1, "best_val_loss": 0.686145544052124, "best_epoch": 0, "_wandb": {"runtime": 27}}