{"graph": {"_type": "graph-file", "sha256": "eea0e03f3c9ffe23cc5aceb0adac6bb3367502f3a084077117d56fa862e9f265", "size": 4005, "path": "media/graph/graph_summary_eea0e03f3c9ffe23cc5a.graph.json"}, "epoch": 1, "_timestamp": 1667907258.992678, "loss": 0.7425308227539062, "accuracy": 0.6186666488647461, "val_loss": 0.8571979999542236, "val_accuracy": 0.6100628972053528, "_runtime": 18.65512490272522, "_step": 1, "best_val_loss": 0.8571979999542236, "best_epoch": 1, "_wandb": {"runtime": 21}}