{"scalar": 7, "_timestamp": 1667904996.1673784, "_runtime": 53.346373319625854, "_step": 10, "graph": {"_type": "graph-file", "sha256": "eea0e03f3c9ffe23cc5aceb0adac6bb3367502f3a084077117d56fa862e9f265", "size": 4005, "path": "media/graph/graph_summary_eea0e03f3c9ffe23cc5a.graph.json"}, "epoch": 9, "loss": 0.33727139234542847, "accuracy": 0.8413333296775818, "val_loss": 0.6976949572563171, "val_accuracy": 0.6477987170219421, "best_val_loss": 0.5531690120697021, "best_epoch": 4, "_wandb": {"runtime": 53}}